text,flag
address,contact_words_eng
alley,contact_words_eng
av,contact_words_eng
avda,contact_words_eng
ave,contact_words_eng
avenida,contact_words_eng
avenue,contact_words_eng
blvd,contact_words_eng
cam,contact_words_eng
caminito,contact_words_eng
camino,contact_words_eng
cell,contact_words_eng
cer,contact_words_eng
cerrada,contact_words_eng
cir,contact_words_eng
circulo,contact_words_eng
cmt,contact_words_eng
col,contact_words_eng
colonia,contact_words_eng
ct,contact_words_eng
email,contact_words_eng
e-mail,contact_words_eng
entrada,contact_words_eng
expressway,contact_words_eng
expwy,contact_words_eng
facebook,contact_words_eng
fb,contact_words_eng
handle,contact_words_eng
lane,contact_words_eng
link,contact_words_eng
linked,contact_words_eng
linkedin,contact_words_eng
ln,contact_words_eng
mobile,contact_words_eng
parkway,contact_words_eng
paseo,contact_words_eng
phone,contact_words_eng
pkwy,contact_words_eng
pl,contact_words_eng
pla,contact_words_eng
placita,contact_words_eng
plaza,contact_words_eng
plz,contact_words_eng
po,contact_words_eng
profile,contact_words_eng
profiles,contact_words_eng
pso,contact_words_eng
rancho,contact_words_eng
rch,contact_words_eng
rd,contact_words_eng
rte,contact_words_eng
rue,contact_words_eng
skype,contact_words_eng
snapchat,contact_words_eng
sq,contact_words_eng
telephone,contact_words_eng
ter,contact_words_eng
terrace,contact_words_eng
tr,contact_words_eng
tumblr,contact_words_eng
twitter,contact_words_eng
url,contact_words_eng
vereda,contact_words_eng
vis,contact_words_eng
vista,contact_words_eng
website,contact_words_eng
youtube,contact_words_eng
alley,contact_words_sp
av,contact_words_sp
avda,contact_words_sp
ave,contact_words_sp
avenida,contact_words_sp
calle,contact_words_sp
cam,contact_words_sp
caminito,contact_words_sp
canal,contact_words_sp
cel,contact_words_sp
celular,contact_words_sp
cer,contact_words_sp
cerrada,contact_words_sp
chat,contact_words_sp
cir,contact_words_sp
circulo,contact_words_sp
cmt,contact_words_sp
col,contact_words_sp
col.,contact_words_sp
colonia,contact_words_sp
conocer,contact_words_sp
conocerte,contact_words_sp
conozco,contact_words_sp
correo,contact_words_sp
ct,contact_words_sp
direccion,contact_words_sp
dirección,contact_words_sp
dr,contact_words_sp
email,contact_words_sp
e-mail,contact_words_sp
enlace,contact_words_sp
entrada,contact_words_sp
esq,contact_words_sp
expressway,contact_words_sp
expwy,contact_words_sp
facebook,contact_words_sp
fb,contact_words_sp
link,contact_words_sp
linkedin,contact_words_sp
llamandome,contact_words_sp
llamandote,contact_words_sp
llamarme,contact_words_sp
llamarte,contact_words_sp
movil,contact_words_sp
móvil,contact_words_sp
pagina,contact_words_sp
página,contact_words_sp
parkway,contact_words_sp
perfil,contact_words_sp
perfiles,contact_words_sp
pkwy,contact_words_sp
pl,contact_words_sp
pla,contact_words_sp
placita,contact_words_sp
plaza,contact_words_sp
plz,contact_words_sp
po,contact_words_sp
pso,contact_words_sp
rancho,contact_words_sp
rch,contact_words_sp
rd,contact_words_sp
red,contact_words_sp
route,contact_words_sp
rte,contact_words_sp
rue,contact_words_sp
sitio,contact_words_sp
skype,contact_words_sp
snapchat,contact_words_sp
tel,contact_words_sp
telefono,contact_words_sp
teléfono,contact_words_sp
ter,contact_words_sp
terraza,contact_words_sp
tr,contact_words_sp
tumblr,contact_words_sp
twitter,contact_words_sp
vereda,contact_words_sp
vis,contact_words_sp
vista,contact_words_sp
web,contact_words_sp
youtube,contact_words_sp
coming your way,contact_phr_eng
face book,contact_phr_eng
find me,contact_phr_eng
finding me,contact_phr_eng
follow me,contact_phr_eng
found me,contact_phr_eng
friend request,contact_phr_eng
insta gram,contact_phr_eng
meet you,contact_phr_eng
meeting you,contact_phr_eng
message me,contact_phr_eng
message you,contact_phr_eng
snap chat,contact_phr_eng
to call,contact_phr_eng
tweet,contact_phr_eng
www,contact_phr_eng
you tube,contact_phr_eng
youtube,contact_phr_eng
call you,contact_phr_eng
facebook,contact_phr_eng
enviame,contact_phr_sp
envíame,contact_phr_sp
me encuentras,contact_phr_sp
te encuentro,contact_phr_sp
llamar a,contact_phr_sp
te llamo,contact_phr_sp
te llamare,contact_phr_sp
te llamaré,contact_phr_sp
te conozco,contact_phr_sp
me conoces,contact_phr_sp
insta gram,contact_phr_sp
face book,contact_phr_sp
you tube,contact_phr_sp
snap chat,contact_phr_sp
tweet,contact_phr_sp
conociendote,contact_phr_sp
come and live with me,visit_phr
come and live with us,visit_phr
come live with me,visit_phr
come live with us,visit_phr
come see,visit_phr
come to america,visit_phr
come to the us,visit_phr
look at dates,visit_phr
look at times,visit_phr
me veas,visit_phr
me veras,visit_phr
me verás,visit_phr
me visitas,visit_phr
me visites,visit_phr
nos conocimos,visit_phr
nos vemos,visit_phr
nos veremos,visit_phr
nuestra visita,visit_phr
our meeting,visit_phr
our visit,visit_phr
pagamos una visita,visit_phr
pagar una visita,visit_phr
pagarte una visita,visit_phr
pago una visita,visit_phr
plan to visit,visit_phr
planeo en visitar,visit_phr
planes de visitar,visit_phr
quedar con nosotras,visit_phr
quedar con nosotros,visit_phr
quedar conmigo,visit_phr
see each other,visit_phr
seeing me,visit_phr
stay with us,visit_phr
stay with you,visit_phr
te veamos,visit_phr
te vere,visit_phr
te veré,visit_phr
te visite,visit_phr
te visité,visit_phr
te visito,visit_phr
travel to the us,visit_phr
vendré,visit_phr
vendre a,visit_phr
vendremos,visit_phr
vengo a,visit_phr
verme,visit_phr
verte,visit_phr
visit me,visit_phr
visit the us,visit_phr
visit to america,visit_phr
visit us,visit_phr
visit you,visit_phr
visitandonos,visit_phr
visitandote,visit_phr
visitarme,visit_phr
visitarte,visit_phr
visiting us,visit_phr
bought,gift_words_eng
buying,gift_words_eng
clothing,gift_words_eng
dollar,gift_words_eng
dollars,gift_words_eng
fee,gift_words_eng
fees,gift_words_eng
gift,gift_words_eng
gifts,gift_words_eng
money,gift_words_eng
monies,gift_words_eng
packages,gift_words_eng
package,gift_words_eng
paid,gift_words_eng
present,gift_words_eng
presents,gift_words_eng
purchase,gift_words_eng
purchased,gift_words_eng
purchases,gift_words_eng
size,gift_words_eng
delivered,gift_words_eng
delivery,gift_words_eng
gesture,gift_words_eng
compra,gift_words_sp
comprado,gift_words_sp
compramos,gift_words_sp
comprando,gift_words_sp
compras,gift_words_sp
compre,gift_words_sp
compré,gift_words_sp
compro,gift_words_sp
cuota,gift_words_sp
cuotas,gift_words_sp
dinero,gift_words_sp
dolar,gift_words_sp
dólar,gift_words_sp
dolares,gift_words_sp
dólares,gift_words_sp
paquete,gift_words_sp
plata,gift_words_sp
regalamos,gift_words_sp
regalar,gift_words_sp
regale,gift_words_sp
regalé,gift_words_sp
regalo,gift_words_sp
regalos,gift_words_sp
ropa,gift_words_sp
tamaño,gift_words_sp
envía,gift_words_sp
enviamos,gift_words_sp
enviandote,gift_words_sp
envie,gift_words_sp
envié,gift_words_sp
talla,gift_words_sp
tallas,gift_words_sp
regalito,gift_words_sp
gesto,gift_words_sp
bought you,gift_phr_eng
mailed you,gift_phr_eng
mail you,gift_phr_eng
te traje,gift_phr_sp
quiero mandar,gift_phr_sp
quisiera mandar,gift_phr_sp
quiero enviar,gift_phr_sp
quisiera envivar,gift_phr_sp
allah,religion_words_eng
alleluia,religion_words_eng
altar,religion_words_eng
angel,religion_words_eng
apostle,religion_words_eng
baptise,religion_words_eng
baptism,religion_words_eng
bible,religion_words_eng
bless,religion_words_eng
blessed,religion_words_eng
blessing,religion_words_eng
buddha,religion_words_eng
buddhism,religion_words_eng
christian,religion_words_eng
christmas,religion_words_eng
church,religion_words_eng
devil,religion_words_eng
easter,religion_words_eng
faith,religion_words_eng
glory,religion_words_eng
god,religion_words_eng
gods,religion_words_eng
gospel,religion_words_eng
heaven,religion_words_eng
hell,religion_words_eng
hindu,religion_words_eng
hinduism,religion_words_eng
holy,religion_words_eng
hymn,religion_words_eng
islam,religion_words_eng
jesus,religion_words_eng
jewish,religion_words_eng
judaism,religion_words_eng
karma,religion_words_eng
koran,religion_words_eng
lord,religion_words_eng
mass,religion_words_eng
messiah,religion_words_eng
mosque,religion_words_eng
muslim,religion_words_eng
nirvana,religion_words_eng
parish,religion_words_eng
pope,religion_words_eng
praise,religion_words_eng
pray,religion_words_eng
prayers,religion_words_eng
prayer,religion_words_eng
prophet,religion_words_eng
psalm,religion_words_eng
religion,religion_words_eng
rosary,religion_words_eng
sacrament,religion_words_eng
sacred,religion_words_eng
saint,religion_words_eng
satan,religion_words_eng
scripture,religion_words_eng
shinto,religion_words_eng
sin,religion_words_eng
sinful,religion_words_eng
sinner,religion_words_eng
spirit,religion_words_eng
spiritual,religion_words_eng
synagogue,religion_words_eng
taoism,religion_words_eng
temple,religion_words_eng
theology,religion_words_eng
torah,religion_words_eng
virgin,religion_words_eng
vows,religion_words_eng
worship,religion_words_eng
worshipped,religion_words_eng
adoracion,religion_words_sp
adoración,religion_words_sp
adorar,religion_words_sp
adorar,religion_words_sp
alma,religion_words_sp
altar,religion_words_sp
angel,religion_words_sp
angél,religion_words_sp
apóstol,religion_words_sp
apsotol,religion_words_sp
bautismo,religion_words_sp
bautizar,religion_words_sp
bendición,religion_words_sp
bendiga,religion_words_sp
bendita,religion_words_sp
bendito,religion_words_sp
benedicion,religion_words_sp
benedicir,religion_words_sp
biblia,religion_words_sp
buda,religion_words_sp
capilla,religion_words_sp
catolica,religion_words_sp
católica,religion_words_sp
catolico,religion_words_sp
católico,religion_words_sp
cielo,religion_words_sp
comunion,religion_words_sp
comunión,religion_words_sp
cristiana,religion_words_sp
cristiano,religion_words_sp
cristo,religion_words_sp
cuaresma,religion_words_sp
diablo,religion_words_sp
dios,religion_words_sp
evangelio,religion_words_sp
fe,religion_words_sp
fiel,religion_words_sp
fieles,religion_words_sp
himno,religion_words_sp
iglesia,religion_words_sp
juda,religion_words_sp
judo,religion_words_sp
luterana,religion_words_sp
luterano,religion_words_sp
metodista,religion_words_sp
milagro,religion_words_sp
misa,religion_words_sp
monasterio,religion_words_sp
navidad,religion_words_sp
obispo,religion_words_sp
oración,religion_words_sp
oraciones,religion_words_sp
parroquia,religion_words_sp
pascua,religion_words_sp
pastor,religion_words_sp
piadosa,religion_words_sp
piadoso,religion_words_sp
plegaria,religion_words_sp
predicador,religion_words_sp
predicar,religion_words_sp
presbyteriana,religion_words_sp
presbyteriano,religion_words_sp
profeta,religion_words_sp
protestante,religion_words_sp
rece,religion_words_sp
recé,religion_words_sp
religion,religion_words_sp
religión,religion_words_sp
rezamos,religion_words_sp
rezar,religion_words_sp
rezare,religion_words_sp
rezaré,religion_words_sp
rezas,religion_words_sp
rezo,religion_words_sp
rosario,religion_words_sp
ruego,religion_words_sp
sacerdote,religion_words_sp
sagrada,religion_words_sp
sagrado,religion_words_sp
salmo,religion_words_sp
santa,religion_words_sp
santidad,religion_words_sp
santo,religion_words_sp
sermon,religion_words_sp
sermón,religion_words_sp
teología,religion_words_sp
vendiga,religion_words_sp
cost,education_words_eng
tuition,education_words_eng
costs,education_words_eng
matricula,education_words_sp
matrícula,education_words_sp
pagado,education_words_sp
pagamos,education_words_sp
pagando,education_words_sp
pagar,education_words_sp
pagare,education_words_sp
pagaré,education_words_sp
pagaremos,education_words_sp
pago,education_words_sp
pagos,education_words_sp
pague,education_words_sp
pagué,education_words_sp
pay for college,education_phr_eng
pay for school,education_phr_eng
pay for studies,education_phr_eng
pay for your studies,education_phr_eng
plan to cover,education_phr_eng
plan to pay,education_phr_eng
will cover,education_phr_eng
need for class,education_phr_eng
educational needs,education_phr_eng
need for school,education_phr_eng
school supplies,education_phr_eng
extra support,education_phr_eng
pagar la escuela,education_phr_sp
pagar la universidad,education_phr_sp
5hit,badword_eng
a$$,badword_eng
a$$hole,badword_eng
a_s_s,badword_eng
a2m,badword_eng
a54,badword_eng
a55,badword_eng
a55hole,badword_eng
acrotomophilia,badword_eng
aeolus,badword_eng
ahole,badword_eng
alcolo,badword_eng
anal,badword_eng
analprobe,badword_eng
anilingus,badword_eng
anus,badword_eng
apeshit,badword_eng
ar5e,badword_eng
areola,badword_eng
areole,badword_eng
arian,badword_eng
arrse,badword_eng
arse,badword_eng
arsehole,badword_eng
aryan,badword_eng
ass,badword_eng
assbag,badword_eng
assbandit,badword_eng
assbang,badword_eng
assbanged,badword_eng
assbanger,badword_eng
assbangs,badword_eng
assbite,badword_eng
assclown,badword_eng
asscock,badword_eng
asscracker,badword_eng
asses,badword_eng
assface,badword_eng
assfaces,badword_eng
assfuck,badword_eng
assfucker,badword_eng
assfucker,badword_eng
assfukka,badword_eng
assgoblin,badword_eng
assh0le,badword_eng
asshat,badword_eng
asshat,badword_eng
asshead,badword_eng
assho1e,badword_eng
asshole,badword_eng
assholes,badword_eng
asshopper,badword_eng
assjabber,badword_eng
assjacker,badword_eng
asslick,badword_eng
asslicker,badword_eng
assmaster,badword_eng
assmonkey,badword_eng
assmucus,badword_eng
assmucus,badword_eng
assmunch,badword_eng
assmuncher,badword_eng
assnigger,badword_eng
asspirate,badword_eng
asspirate,badword_eng
assshit,badword_eng
assshole,badword_eng
asssucker,badword_eng
asswad,badword_eng
asswhole,badword_eng
asswipe,badword_eng
asswipes,badword_eng
autoerotic,badword_eng
axwound,badword_eng
azazel,badword_eng
azz,badword_eng
b!tch,badword_eng
b00bs,badword_eng
b17ch,badword_eng
b1tch,badword_eng
babeland,badword_eng
ballsack,badword_eng
bampot,badword_eng
bangbros,badword_eng
bareback,badword_eng
barenaked,badword_eng
barf,badword_eng
bastard,badword_eng
bastardo,badword_eng
bastards,badword_eng
bastinado,badword_eng
bawdy,badword_eng
bbw,badword_eng
bdsm,badword_eng
beaner,badword_eng
beaners,badword_eng
beardedclam,badword_eng
beastial,badword_eng
beastiality,badword_eng
beatch,badword_eng
beaver,badword_eng
beer,badword_eng
beeyotch,badword_eng
bellend,badword_eng
bender,badword_eng
beotch,badword_eng
bescumber,badword_eng
bestial,badword_eng
bestiality,badword_eng
bi+ch,badword_eng
biatch,badword_eng
bimbo,badword_eng
bimbos,badword_eng
bint,badword_eng
birdlock,badword_eng
bitch,badword_eng
bitchass,badword_eng
bitched,badword_eng
bitcher,badword_eng
bitchers,badword_eng
bitches,badword_eng
bitchin,badword_eng
bitching,badword_eng
bitchtits,badword_eng
bitchy,badword_eng
bloodclaat,badword_eng
bloody,badword_eng
blowjob,badword_eng
blowjobs,badword_eng
blumpkin,badword_eng
blumpkin,badword_eng
bod,badword_eng
bodily,badword_eng
boink,badword_eng
boiolas,badword_eng
bollock,badword_eng
bollocks,badword_eng
bollok,badword_eng
bollox,badword_eng
bondage,badword_eng
boned,badword_eng
boner,badword_eng
boners,badword_eng
bong,badword_eng
boob,badword_eng
boobies,badword_eng
boobs,badword_eng
booby,badword_eng
booger,badword_eng
bookie,badword_eng
boong,badword_eng
booobs,badword_eng
boooobs,badword_eng
booooobs,badword_eng
booooooobs,badword_eng
bootee,badword_eng
bootie,badword_eng
booty,badword_eng
booze,badword_eng
booze,badword_eng
boozer,badword_eng
boozy,badword_eng
bosom,badword_eng
bosomy,badword_eng
breast,badword_eng
breasts,badword_eng
breasts,badword_eng
breasts,badword_eng
breeder,badword_eng
brotherfucker,badword_eng
buceta,badword_eng
bugger,badword_eng
bukkake,badword_eng
bulldyke,badword_eng
bullshit,badword_eng
bullshits,badword_eng
bullshitted,badword_eng
bullturds,badword_eng
bum,badword_eng
bumblefuck,badword_eng
bumclat,badword_eng
bummer,badword_eng
buncombe,badword_eng
bung,badword_eng
bunghole,badword_eng
busty,badword_eng
butt,badword_eng
buttcheeks,badword_eng
buttfuck,badword_eng
buttfucka,badword_eng
buttfucker,badword_eng
butthole,badword_eng
buttmuch,badword_eng
buttmunch,badword_eng
buttplug,badword_eng
c0ck,badword_eng
c0ck,badword_eng
c0ck,badword_eng
c0cksucker,badword_eng
caca,badword_eng
cacafuego,badword_eng
cahone,badword_eng
cameltoe,badword_eng
camgirl,badword_eng
camslut,badword_eng
camwhore,badword_eng
cawk,badword_eng
cervix,badword_eng
chesticle,badword_eng
chinc,badword_eng
chincs,badword_eng
chink,badword_eng
chinky,badword_eng
choad,badword_eng
choade,badword_eng
choade,badword_eng
chode,badword_eng
chodes,badword_eng
chub,badword_eng
chubby,badword_eng
cipa,badword_eng
circlejerk,badword_eng
cl1t,badword_eng
climax,badword_eng
clit,badword_eng
clitface,badword_eng
clitfuck,badword_eng
clitoris,badword_eng
clitorus,badword_eng
clits,badword_eng
clitty,badword_eng
clunge,badword_eng
clusterfuck,badword_eng
cnut,badword_eng
cocain,badword_eng
cocaine,badword_eng
coccydynia,badword_eng
cock,badword_eng
cock,badword_eng
cock,badword_eng
cockass,badword_eng
cockbite,badword_eng
cockblock,badword_eng
cockburger,badword_eng
cockeye,badword_eng
cockface,badword_eng
cockfucker,badword_eng
cockhead,badword_eng
cockholster,badword_eng
cockjockey,badword_eng
cockknocker,badword_eng
cockknoker,badword_eng
cocklump,badword_eng
cockmaster,badword_eng
cockmongler,badword_eng
cockmongruel,badword_eng
cockmonkey,badword_eng
cockmunch,badword_eng
cockmuncher,badword_eng
cocknose,badword_eng
cocknugget,badword_eng
cocks,badword_eng
cockshit,badword_eng
cocksmith,badword_eng
cocksmoke,badword_eng
cocksmoker,badword_eng
cocksniffer,badword_eng
cocksuck,badword_eng
cocksuck,badword_eng
cocksucked,badword_eng
cocksucked,badword_eng
cocksucker,badword_eng
cocksucker,badword_eng
cocksucker,badword_eng
cocksuckers,badword_eng
cocksucking,badword_eng
cocksucks,badword_eng
cocksucks,badword_eng
cocksuka,badword_eng
cocksukka,badword_eng
cockwaffle,badword_eng
coital,badword_eng
cok,badword_eng
cokmuncher,badword_eng
coksucka,badword_eng
commie,badword_eng
condom,badword_eng
condom,badword_eng
condoms,badword_eng
coochie,badword_eng
coochy,badword_eng
coon,badword_eng
coonnass,badword_eng
coons,badword_eng
cooter,badword_eng
coprolagnia,badword_eng
coprophilia,badword_eng
corksucker,badword_eng
cornhole,badword_eng
cornhole,badword_eng
corpulent,badword_eng
crabs,badword_eng
crack,badword_eng
cracker,badword_eng
crackwhore,badword_eng
crap,badword_eng
crappy,badword_eng
creampie,badword_eng
cretin,badword_eng
crikey,badword_eng
cripple,badword_eng
crotte,badword_eng
cum,badword_eng
cumbubble,badword_eng
cumdump,badword_eng
cumdump,badword_eng
cumdumpster,badword_eng
cumguzzler,badword_eng
cumjockey,badword_eng
cummer,badword_eng
cummin,badword_eng
cumming,badword_eng
cums,badword_eng
cumshot,badword_eng
cumshots,badword_eng
cumslut,badword_eng
cumstain,badword_eng
cumtart,badword_eng
cunilingus,badword_eng
cunillingus,badword_eng
cunnie,badword_eng
cunnilingus,badword_eng
cunny,badword_eng
cunt,badword_eng
cunt,badword_eng
cunt,badword_eng
cuntass,badword_eng
cuntbag,badword_eng
cuntbag,badword_eng
cuntface,badword_eng
cunthole,badword_eng
cunthunter,badword_eng
cuntlick,badword_eng
cuntlick,badword_eng
cuntlicker,badword_eng
cuntlicker,badword_eng
cuntlicking,badword_eng
cuntlicking,badword_eng
cuntrag,badword_eng
cunts,badword_eng
cuntsicle,badword_eng
cuntsicle,badword_eng
cuntslut,badword_eng
cuntstruck,badword_eng
cuntstruck,badword_eng
cus,badword_eng
cyalis,badword_eng
cyberfuc,badword_eng
cyberfuck,badword_eng
cyberfuck,badword_eng
cyberfucked,badword_eng
cyberfucked,badword_eng
cyberfucker,badword_eng
cyberfuckers,badword_eng
cyberfucking,badword_eng
cyberfucking,badword_eng
d0ng,badword_eng
d0uch3,badword_eng
d0uche,badword_eng
d1ck,badword_eng
d1ld0,badword_eng
d1ldo,badword_eng
dago,badword_eng
dagos,badword_eng
dammit,badword_eng
damn,badword_eng
damned,badword_eng
damnit,badword_eng
darkie,badword_eng
darn,badword_eng
daterape,badword_eng
deepthroat,badword_eng
deggo,badword_eng
dendrophilia,badword_eng
dick,badword_eng
dickbag,badword_eng
dickbeaters,badword_eng
dickdipper,badword_eng
dickface,badword_eng
dickflipper,badword_eng
dickfuck,badword_eng
dickfucker,badword_eng
dickhead,badword_eng
dickheads,badword_eng
dickhole,badword_eng
dickish,badword_eng
dickish,badword_eng
dickjuice,badword_eng
dickmilk,badword_eng
dickmonger,badword_eng
dickripper,badword_eng
dicks,badword_eng
dicksipper,badword_eng
dickslap,badword_eng
dicksneeze,badword_eng
dicksucker,badword_eng
dicksucking,badword_eng
dicktickler,badword_eng
dickwad,badword_eng
dickweasel,badword_eng
dickweed,badword_eng
dickwhipper,badword_eng
dickwod,badword_eng
dickzipper,badword_eng
diddle,badword_eng
dike,badword_eng
dildo,badword_eng
dildos,badword_eng
diligaf,badword_eng
dillweed,badword_eng
dimwit,badword_eng
dingle,badword_eng
dingleberries,badword_eng
dingleberry,badword_eng
dink,badword_eng
dinks,badword_eng
dipship,badword_eng
dipshit,badword_eng
dirsa,badword_eng
dirty,badword_eng
div,badword_eng
dlck,badword_eng
doggin,badword_eng
dogging,badword_eng
doggystyle,badword_eng
dolcett,badword_eng
domination,badword_eng
dominatrix,badword_eng
dommes,badword_eng
dong,badword_eng
donkeypunch,badword_eng
donkeyribber,badword_eng
doochbag,badword_eng
doofus,badword_eng
dookie,badword_eng
doosh,badword_eng
dope,badword_eng
dopey,badword_eng
doublelift,badword_eng
douch3,badword_eng
douche,badword_eng
douchebag,badword_eng
douchebags,badword_eng
douchefag,badword_eng
douchewaffle,badword_eng
douchey,badword_eng
drunk,badword_eng
duche,badword_eng
dumass,badword_eng
dumb,badword_eng
dumb,badword_eng
dumbass,badword_eng
dumbasses,badword_eng
dumbcunt,badword_eng
dumbfuck,badword_eng
dumbshit,badword_eng
dummy,badword_eng
dumshit,badword_eng
dvda,badword_eng
dyke,badword_eng
dykes,badword_eng
ecchi,badword_eng
ejaculate,badword_eng
ejaculated,badword_eng
ejaculates,badword_eng
ejaculates,badword_eng
ejaculating,badword_eng
ejaculating,badword_eng
ejaculatings,badword_eng
ejaculation,badword_eng
ejakulate,badword_eng
embarrassment,badword_eng
erect,badword_eng
erection,badword_eng
erotic,badword_eng
erotism,badword_eng
escort,badword_eng
essohbee,badword_eng
eunuch,badword_eng
extacy,badword_eng
extasy,badword_eng
f_u_c_k,badword_eng
f4nny,badword_eng
facial,badword_eng
fack,badword_eng
fag,badword_eng
fagbag,badword_eng
fagfucker,badword_eng
fagg,badword_eng
fagged,badword_eng
fagging,badword_eng
faggit,badword_eng
faggitt,badword_eng
faggot,badword_eng
faggotcock,badword_eng
faggots,badword_eng
faggs,badword_eng
fagot,badword_eng
fagots,badword_eng
fags,badword_eng
fagtard,badword_eng
faig,badword_eng
faigt,badword_eng
fanny,badword_eng
fannybandit,badword_eng
fannyflaps,badword_eng
fannyfucker,badword_eng
fanyy,badword_eng
fart,badword_eng
fartknocker,badword_eng
fat ,badword_eng
fatass,badword_eng
fcuk,badword_eng
fcuker,badword_eng
fcuking,badword_eng
fecal,badword_eng
feck,badword_eng
fecker,badword_eng
feist,badword_eng
felch,badword_eng
felcher,badword_eng
felching,badword_eng
fellate,badword_eng
fellatio,badword_eng
feltch,badword_eng
feltcher,badword_eng
femdom,badword_eng
fenian,badword_eng
fetish,badword_eng
fice,badword_eng
figging,badword_eng
fingerbang,badword_eng
fingerfuck,badword_eng
fingerfuck,badword_eng
fingerfucked,badword_eng
fingerfucked,badword_eng
fingerfucker,badword_eng
fingerfucker,badword_eng
fingerfuckers,badword_eng
fingerfucking,badword_eng
fingerfucking,badword_eng
fingerfucks,badword_eng
fingerfucks,badword_eng
fingering,badword_eng
fisted,badword_eng
fistfuck,badword_eng
fistfucked,badword_eng
fistfucked,badword_eng
fistfucker,badword_eng
fistfucker,badword_eng
fistfuckers,badword_eng
fistfuckers,badword_eng
fistfucking,badword_eng
fistfucking,badword_eng
fistfuckings,badword_eng
fistfuckings,badword_eng
fistfucks,badword_eng
fistfucks,badword_eng
fisting,badword_eng
fisty,badword_eng
flamer,badword_eng
flange,badword_eng
flaps,badword_eng
fleshflute,badword_eng
floozy,badword_eng
foad,badword_eng
foah,badword_eng
fondle,badword_eng
foobar,badword_eng
fook,badword_eng
fooker,badword_eng
footjob,badword_eng
foreskin,badword_eng
freex,badword_eng
frenchify,badword_eng
frigg,badword_eng
frigga,badword_eng
frotting,badword_eng
fubar,badword_eng
fuc,badword_eng
fuck,badword_eng
fuck,badword_eng
fuck,badword_eng
fuck,badword_eng
fuckboy,badword_eng
fuckbrain,badword_eng
fuckbutt,badword_eng
fuckbutter,badword_eng
fucked,badword_eng
fuckedup,badword_eng
fucker,badword_eng
fuckers,badword_eng
fuckersucker,badword_eng
fuckface,badword_eng
fuckhead,badword_eng
fuckheads,badword_eng
fuckhole,badword_eng
fuckin,badword_eng
fucking,badword_eng
fuckings,badword_eng
fuckingshitmotherfucker,badword_eng
fuckme,badword_eng
fuckme,badword_eng
fuckmeat,badword_eng
fuckmeat,badword_eng
fucknugget,badword_eng
fucknut,badword_eng
fucknutt,badword_eng
fuckoff,badword_eng
fucks,badword_eng
fuckstick,badword_eng
fucktard,badword_eng
fucktard,badword_eng
fucktards,badword_eng
fucktart,badword_eng
fucktoy,badword_eng
fucktoy,badword_eng
fucktwat,badword_eng
fuckup,badword_eng
fuckwad,badword_eng
fuckwhit,badword_eng
fuckwit,badword_eng
fuckwitt,badword_eng
fudgepacker,badword_eng
fudgepacker,badword_eng
fuk,badword_eng
fuker,badword_eng
fukker,badword_eng
fukkers,badword_eng
fukkin,badword_eng
fuks,badword_eng
fukwhit,badword_eng
fukwit,badword_eng
fuq,badword_eng
futanari,badword_eng
fux,badword_eng
fux0r,badword_eng
fvck,badword_eng
fxck,badword_eng
gae,badword_eng
gai,badword_eng
gangbang,badword_eng
gangbang,badword_eng
gangbang,badword_eng
gangbanged,badword_eng
gangbangs,badword_eng
ganja,badword_eng
gash,badword_eng
gay,badword_eng
gayass,badword_eng
gaybob,badword_eng
gaydo,badword_eng
gayfuck,badword_eng
gayfuckist,badword_eng
gaylord,badword_eng
gays,badword_eng
gaysex,badword_eng
gaytard,badword_eng
gaywad,badword_eng
genitals,badword_eng
gey,badword_eng
gfy,badword_eng
ghay,badword_eng
ghey,badword_eng
gigolo,badword_eng
gin,badword_eng
ginger,badword_eng
gippo,badword_eng
git,badword_eng
glans,badword_eng
goatcx,badword_eng
goatse,badword_eng
godamn,badword_eng
godamnit,badword_eng
goddam,badword_eng
goddam,badword_eng
goddammit,badword_eng
goddamn,badword_eng
goddamned,badword_eng
goddamned,badword_eng
goddamnit,badword_eng
godsdamn,badword_eng
gokkun,badword_eng
goldenshower,badword_eng
golliwog,badword_eng
gonad,badword_eng
gonads,badword_eng
gooch,badword_eng
goodpoop,badword_eng
gook,badword_eng
gooks,badword_eng
goregasm,badword_eng
gringo,badword_eng
grope,badword_eng
gspot,badword_eng
gspot,badword_eng
gtfo,badword_eng
guido,badword_eng
gun,badword_eng
guns,badword_eng
guro,badword_eng
h0m0,badword_eng
h0mo,badword_eng
handjob,badword_eng
hardcore,badword_eng
hardcoresex,badword_eng
he11,badword_eng
hebe,badword_eng
heeb,badword_eng
hell,badword_eng
hemp,badword_eng
hentai,badword_eng
heroin,badword_eng
herp,badword_eng
herpes,badword_eng
herpy,badword_eng
heshe,badword_eng
heshe,badword_eng
hideous,badword_eng
hircismus,badword_eng
hitler,badword_eng
hiv,badword_eng
ho,badword_eng
hoar,badword_eng
hoare,badword_eng
hobag,badword_eng
hoe,badword_eng
hoer,badword_eng
hom0,badword_eng
homey,badword_eng
homo,badword_eng
homodumbshit,badword_eng
homoerotic,badword_eng
homoey,badword_eng
honkey,badword_eng
honky,badword_eng
hooch,badword_eng
hookah,badword_eng
hooker,badword_eng
hoor,badword_eng
hootch,badword_eng
hooter,badword_eng
hooters,badword_eng
hore,badword_eng
horniest,badword_eng
horny,badword_eng
hump,badword_eng
humped,badword_eng
humping,badword_eng
hun,badword_eng
hussy,badword_eng
hymen,badword_eng
iap,badword_eng
idiot,badword_eng
inbred,badword_eng
incest,badword_eng
injun,badword_eng
intercourse,badword_eng
jackass,badword_eng
jackasses,badword_eng
jackhole,badword_eng
jackoff,badword_eng
jackoff,badword_eng
jaggi,badword_eng
jagoff,badword_eng
jailbait,badword_eng
jap,badword_eng
japs,badword_eng
jerk,badword_eng
jerk0ff,badword_eng
jerkass,badword_eng
jerked,badword_eng
jerkoff,badword_eng
jerkoff,badword_eng
jigaboo,badword_eng
jiggaboo,badword_eng
jiggerboo,badword_eng
jism,badword_eng
jiz,badword_eng
jiz,badword_eng
jizm,badword_eng
jizm,badword_eng
jizz,badword_eng
jizzed,badword_eng
jock,badword_eng
juggs,badword_eng
junkie,badword_eng
junky,badword_eng
kafir,badword_eng
kawk,badword_eng
kike,badword_eng
kikes,badword_eng
kill,badword_eng
kill,badword_eng
killed,badword_eng
kinbaku,badword_eng
kinkster,badword_eng
kinky,badword_eng
klan,badword_eng
knife,badword_eng
knives,badword_eng
knob,badword_eng
knobbing,badword_eng
knobead,badword_eng
knobed,badword_eng
knobend,badword_eng
knobhead,badword_eng
knobjocky,badword_eng
knobjokey,badword_eng
knockers,badword_eng
kock,badword_eng
kondum,badword_eng
kondums,badword_eng
kooch,badword_eng
kooches,badword_eng
kootch,badword_eng
kraut,badword_eng
kum,badword_eng
kummer,badword_eng
kumming,badword_eng
kums,badword_eng
kunilingus,badword_eng
kunja,badword_eng
kunt,badword_eng
kwif,badword_eng
kwif,badword_eng
kyke,badword_eng
l3i+ch,badword_eng
l3itch,badword_eng
labia,badword_eng
lameass,badword_eng
lardass,badword_eng
lech,badword_eng
len,badword_eng
leper,badword_eng
lesbian,badword_eng
lesbians,badword_eng
lesbo,badword_eng
lesbos,badword_eng
lez,badword_eng
lezza/lesbo,badword_eng
lezzie,badword_eng
liquor,badword_eng
lmao,badword_eng
lmfao,badword_eng
loin,badword_eng
loins,badword_eng
lolita,badword_eng
looney,badword_eng
lovemaking,badword_eng
lube,badword_eng
lust,badword_eng
lusting,badword_eng
lusty,badword_eng
m0f0,badword_eng
m0fo,badword_eng
m45terbate,badword_eng
ma5terb8,badword_eng
ma5terbate,badword_eng
mafugly,badword_eng
mafugly,badword_eng
mams,badword_eng
marijuana,badword_eng
masochist,badword_eng
massa,badword_eng
masterb8,badword_eng
masterbat*,badword_eng
masterbat3,badword_eng
masterbate,badword_eng
masterbate,badword_eng
masterbate,badword_eng
masterbating,badword_eng
masterbation,badword_eng
masterbations,badword_eng
masturbate,badword_eng
masturbating,badword_eng
masturbation,badword_eng
maxi,badword_eng
mcfagget,badword_eng
menses,badword_eng
menstruate,badword_eng
menstruation,badword_eng
meth,badword_eng
mfucking,badword_eng
mick,badword_eng
microphallus,badword_eng
midget,badword_eng
milf,badword_eng
minge,badword_eng
minger,badword_eng
mof0,badword_eng
mofo,badword_eng
mofo,badword_eng
molest,badword_eng
mong,badword_eng
moolie,badword_eng
moron,badword_eng
moron,badword_eng
mothafuck,badword_eng
mothafucka,badword_eng
mothafuckas,badword_eng
mothafuckaz,badword_eng
mothafucked,badword_eng
mothafucked,badword_eng
mothafucker,badword_eng
mothafuckers,badword_eng
mothafuckin,badword_eng
mothafucking,badword_eng
mothafucking,badword_eng
mothafuckings,badword_eng
mothafucks,badword_eng
motherfuck,badword_eng
motherfucka,badword_eng
motherfucked,badword_eng
motherfucker,badword_eng
motherfuckers,badword_eng
motherfuckin,badword_eng
motherfucking,badword_eng
motherfuckings,badword_eng
motherfuckka,badword_eng
motherfucks,badword_eng
muff,badword_eng
muffdiver,badword_eng
muffdiving,badword_eng
munging,badword_eng
munter,badword_eng
murder,badword_eng
mutha,badword_eng
muthafecker,badword_eng
muthafuckker,badword_eng
muther,badword_eng
mutherfucker,badword_eng
n1gga,badword_eng
n1gger,badword_eng
naked,badword_eng
nambla,badword_eng
napalm,badword_eng
nappy,badword_eng
nawashi,badword_eng
nazi,badword_eng
nazism,badword_eng
negro,badword_eng
neonazi,badword_eng
nigaboo,badword_eng
nigg3r,badword_eng
nigg4h,badword_eng
nigga,badword_eng
niggah,badword_eng
niggas,badword_eng
niggaz,badword_eng
nigger,badword_eng
niggers,badword_eng
niggle,badword_eng
niglet,badword_eng
nignog,badword_eng
nimphomania,badword_eng
nimrod,badword_eng
ninny,badword_eng
ninnyhammer,badword_eng
nipple,badword_eng
nipples,badword_eng
nob,badword_eng
nobhead,badword_eng
nobjocky,badword_eng
nobjokey,badword_eng
nonce,badword_eng
nude,badword_eng
nudity,badword_eng
numbnuts,badword_eng
nutsack,badword_eng
nutter,badword_eng
nympho,badword_eng
nymphomania,badword_eng
octopussy,badword_eng
omg,badword_eng
omorashi,badword_eng
opiate,badword_eng
opium,badword_eng
orally,badword_eng
organ,badword_eng
orgasim,badword_eng
orgasims,badword_eng
orgasm,badword_eng
orgasmic,badword_eng
orgasms,badword_eng
orgies,badword_eng
orgy,badword_eng
ovary,badword_eng
ovum,badword_eng
ovums,badword_eng
p0rn,badword_eng
paedophile,badword_eng
paki,badword_eng
panooch,badword_eng
pansy,badword_eng
pantie,badword_eng
panties,badword_eng
panty,badword_eng
pawn,badword_eng
pcp,badword_eng
pecker,badword_eng
peckerhead,badword_eng
pedo,badword_eng
pedobear,badword_eng
pedophile,badword_eng
pedophilia,badword_eng
pedophiliac,badword_eng
pee,badword_eng
peepee,badword_eng
pegging,badword_eng
penetrate,badword_eng
penetration,badword_eng
penial,badword_eng
penile,badword_eng
penis,badword_eng
penisbanger,badword_eng
penisfucker,badword_eng
penispuffer,badword_eng
perversion,badword_eng
phallic,badword_eng
phonesex,badword_eng
phuck,badword_eng
phuk,badword_eng
phuked,badword_eng
phuking,badword_eng
phukked,badword_eng
phukking,badword_eng
phuks,badword_eng
phuq,badword_eng
pigfucker,badword_eng
pikey,badword_eng
pillowbiter,badword_eng
pimp,badword_eng
pimpis,badword_eng
pinko,badword_eng
piss,badword_eng
pissed,badword_eng
pisser,badword_eng
pissers,badword_eng
pisses,badword_eng
pisses,badword_eng
pissflaps,badword_eng
pissin,badword_eng
pissin,badword_eng
pissing,badword_eng
pissoff,badword_eng
pissoff,badword_eng
pissoff,badword_eng
pisspig,badword_eng
playboy,badword_eng
pms,badword_eng
polack,badword_eng
pollock,badword_eng
ponyplay,badword_eng
poof,badword_eng
poon,badword_eng
poonani,badword_eng
poonany,badword_eng
poontang,badword_eng
poop,badword_eng
poopchute,badword_eng
poopuncher,badword_eng
porchmonkey,badword_eng
porn,badword_eng
porno,badword_eng
pornography,badword_eng
pornos,badword_eng
potty,badword_eng
prick,badword_eng
pricks,badword_eng
prickteaser,badword_eng
prig,badword_eng
prod,badword_eng
pron,badword_eng
prostitute,badword_eng
prude,badword_eng
psycho,badword_eng
pthc,badword_eng
pube,badword_eng
pubes,badword_eng
pubic,badword_eng
pubis,badword_eng
punani,badword_eng
punanny,badword_eng
punany,badword_eng
punkass,badword_eng
punky,badword_eng
punta,badword_eng
puss,badword_eng
pusse,badword_eng
pussi,badword_eng
pussies,badword_eng
pussy,badword_eng
pussy,badword_eng
pussylicking,badword_eng
pussypounder,badword_eng
pussys,badword_eng
pust,badword_eng
puto,badword_eng
queaf,badword_eng
queaf,badword_eng
queef,badword_eng
queer,badword_eng
queerbait,badword_eng
queerhole,badword_eng
queero,badword_eng
queers,badword_eng
quicky,badword_eng
quim,badword_eng
racy,badword_eng
raghead,badword_eng
rape,badword_eng
raped,badword_eng
raper,badword_eng
rapey,badword_eng
raping,badword_eng
rapist,badword_eng
raunch,badword_eng
rectal,badword_eng
rectum,badword_eng
rectus,badword_eng
reefer,badword_eng
reetard,badword_eng
reich,badword_eng
renob,badword_eng
retard,badword_eng
retarded,badword_eng
revue,badword_eng
rimjaw,badword_eng
rimjob,badword_eng
rimming,badword_eng
ritard,badword_eng
rtard,badword_eng
rtard,badword_eng
rubbish,badword_eng
rum,badword_eng
rum,badword_eng
rump,badword_eng
rumprammer,badword_eng
ruski,badword_eng
s hit,badword_eng
s&m,badword_eng
s_h_i_t,badword_eng
s0b,badword_eng
sadism,badword_eng
sadist,badword_eng
sambo,badword_eng
sandbar,badword_eng
sandbar,badword_eng
sandler,badword_eng
sandnigger,badword_eng
sanger,badword_eng
santorum,badword_eng
scag,badword_eng
scantily,badword_eng
scat,badword_eng
schizo,badword_eng
schlong,badword_eng
scissoring,badword_eng
screw,badword_eng
screwed,badword_eng
screwing,badword_eng
scroat,badword_eng
scrog,badword_eng
scrot,badword_eng
scrote,badword_eng
scrotum,badword_eng
scrud,badword_eng
scum,badword_eng
seaman,badword_eng
seamen,badword_eng
seduce,badword_eng
seks,badword_eng
semen,badword_eng
sex,badword_eng
sexo,badword_eng
sexual,badword_eng
sexy,badword_eng
sh!+,badword_eng
sh!t,badword_eng
sh1t,badword_eng
sh1t,badword_eng
shag,badword_eng
shagger,badword_eng
shaggin,badword_eng
shagging,badword_eng
shamedame,badword_eng
shemale,badword_eng
shi+,badword_eng
shibari,badword_eng
shit,badword_eng
shit,badword_eng
shit,badword_eng
shitass,badword_eng
shitbag,badword_eng
shitbagger,badword_eng
shitblimp,badword_eng
shitbrains,badword_eng
shitbreath,badword_eng
shitcanned,badword_eng
shitcunt,badword_eng
shitdick,badword_eng
shite,badword_eng
shiteater,badword_eng
shited,badword_eng
shitey,badword_eng
shitface,badword_eng
shitfaced,badword_eng
shitfuck,badword_eng
shitfull,badword_eng
shithead,badword_eng
shitheads,badword_eng
shithole,badword_eng
shithouse,badword_eng
shiting,badword_eng
shitings,badword_eng
shits,badword_eng
shitspitter,badword_eng
shitstain,badword_eng
shitt,badword_eng
shitted,badword_eng
shitter,badword_eng
shitters,badword_eng
shitters,badword_eng
shittier,badword_eng
shittiest,badword_eng
shitting,badword_eng
shittings,badword_eng
shitty,badword_eng
shiz,badword_eng
shiznit,badword_eng
shoot,badword_eng
shota,badword_eng
shrimping,badword_eng
sissy,badword_eng
skag,badword_eng
skank,badword_eng
skeet,badword_eng
skullfuck,badword_eng
slag,badword_eng
slanteye,badword_eng
slave,badword_eng
sleaze,badword_eng
sleazy,badword_eng
slope,badword_eng
slope,badword_eng
slut,badword_eng
slutbag,badword_eng
slutdumper,badword_eng
slutkiss,badword_eng
sluts,badword_eng
smartass,badword_eng
smartasses,badword_eng
smeg,badword_eng
smegma,badword_eng
smut,badword_eng
smutty,badword_eng
snatch,badword_eng
sniper,badword_eng
snowballing,badword_eng
snuff,badword_eng
sob,badword_eng
sob,badword_eng
sod off,badword_eng
sodom,badword_eng
sodomize,badword_eng
sodomy,badword_eng
souse,badword_eng
soused,badword_eng
spac,badword_eng
spade,badword_eng
sperm,badword_eng
spic,badword_eng
spick,badword_eng
spik,badword_eng
spiks,badword_eng
splooge,badword_eng
spooge,badword_eng
spook,badword_eng
spunk,badword_eng
stfu,badword_eng
stiffy,badword_eng
stoned,badword_eng
strappado,badword_eng
strip,badword_eng
stupid,badword_eng
suck,badword_eng
suckass,badword_eng
sucked,badword_eng
sucking,badword_eng
sucks,badword_eng
sumofabiatch,badword_eng
swastika,badword_eng
swinger,badword_eng
t1t,badword_eng
t1tt1e5,badword_eng
t1tties,badword_eng
taff,badword_eng
taig,badword_eng
tampon,badword_eng
tard,badword_eng
tart,badword_eng
tawdry,badword_eng
teabagging,badword_eng
teat,badword_eng
teets,badword_eng
teez,badword_eng
teste,badword_eng
testee,badword_eng
testes,badword_eng
testical,badword_eng
testicle,badword_eng
testis,badword_eng
threesome,badword_eng
throating,badword_eng
thrust,badword_eng
thug,badword_eng
thundercunt,badword_eng
tied up,badword_eng
tight white,badword_eng
tinkle,badword_eng
tit,badword_eng
titfuck,badword_eng
titi,badword_eng
tities,badword_eng
tits,badword_eng
tits,badword_eng
titt,badword_eng
tittie5,badword_eng
tittiefucker,badword_eng
titties,badword_eng
titty,badword_eng
tittyfuck,badword_eng
tittyfucker,badword_eng
tittywank,badword_eng
titwank,badword_eng
toke,badword_eng
toots,badword_eng
topless,badword_eng
tosser,badword_eng
towelhead,badword_eng
tramp,badword_eng
tranny,badword_eng
transsexual,badword_eng
trashy,badword_eng
tribadism,badword_eng
trumped,badword_eng
tub girl,badword_eng
tubgirl,badword_eng
turd,badword_eng
tush,badword_eng
tushy,badword_eng
tw4t,badword_eng
twat,badword_eng
twathead,badword_eng
twatlips,badword_eng
twats,badword_eng
twatty,badword_eng
twatwaffle,badword_eng
twink,badword_eng
twinkie,badword_eng
twunt,badword_eng
twunter,badword_eng
ugly,badword_eng
ugly,badword_eng
unattractive,badword_eng
unclefucker,badword_eng
undies,badword_eng
undressing,badword_eng
unwed,badword_eng
upskirt,badword_eng
urinal,badword_eng
urine,badword_eng
urophilia,badword_eng
uterus,badword_eng
uzi,badword_eng
v14gra,badword_eng
v1gra,badword_eng
vag,badword_eng
vagina,badword_eng
vajayjay,badword_eng
vajj,badword_eng
valium,badword_eng
veqtable,badword_eng
viagra,badword_eng
vibrator,badword_eng
violence,badword_eng
virgin,badword_eng
virgin,badword_eng
vixen,badword_eng
vjayjay,badword_eng
vodka,badword_eng
vodka,badword_eng
vomit,badword_eng
vorarephilia,badword_eng
voyeur,badword_eng
vulgar,badword_eng
vulva,badword_eng
w00se,badword_eng
wad,badword_eng
wang,badword_eng
wank,badword_eng
wanker,badword_eng
wankjob,badword_eng
wanky,badword_eng
wazoo,badword_eng
weapon,badword_eng
wedgie,badword_eng
weed,badword_eng
weed,badword_eng
weenie,badword_eng
weewee,badword_eng
weiner,badword_eng
weirdo,badword_eng
wench,badword_eng
wet dream,badword_eng
wetback,badword_eng
wh0re,badword_eng
wh0reface,badword_eng
whiskey,badword_eng
whiz,badword_eng
whoar,badword_eng
whoralicious,badword_eng
whore,badword_eng
whorealicious,badword_eng
whorebag,badword_eng
whored,badword_eng
whoreface,badword_eng
whorehopper,badword_eng
whorehouse,badword_eng
whores,badword_eng
whoring,badword_eng
wigger,badword_eng
willies,badword_eng
willy,badword_eng
wine,badword_eng
wiseass,badword_eng
wiseasses,badword_eng
wog,badword_eng
womb,badword_eng
wop,badword_eng
wrappingmen,badword_eng
wrinkledstarfish,badword_eng
wtf,badword_eng
xrated,badword_eng
xrated,badword_eng
xxx,badword_eng
yaoi,badword_eng
yeasty,badword_eng
yid,badword_eng
yiffy,badword_eng
yobbo,badword_eng
zibbi,badword_eng
zoophilia,badword_eng
zubb,badword_eng
alcohol,badword_sp
apestar,badword_sp
bastardo,badword_sp
basura,badword_sp
bicho,badword_sp
burro,badword_sp
cabron,badword_sp
cabrón,badword_sp
cabrón,badword_sp
cacorro,badword_sp
cagar,badword_sp
cagar,badword_sp
cago,badword_sp
calientapollas,badword_sp
capullo,badword_sp
carajo,badword_sp
cerveza,badword_sp
chapero,badword_sp
chichi,badword_sp
chimba,badword_sp
chinga,badword_sp
chingado,badword_sp
chingar,badword_sp
chingon,badword_sp
chingón,badword_sp
chocho,badword_sp
chupame,badword_sp
chúpame,badword_sp
chúpamedias,badword_sp
chúpamela,badword_sp
chupar,badword_sp
cipote,badword_sp
coger,badword_sp
cojonazos,badword_sp
cojones,badword_sp
cojones,badword_sp
concha,badword_sp
coño,badword_sp
culiao,badword_sp
culo,badword_sp
culo,badword_sp
demonio,badword_sp
dispare,badword_sp
disparé,badword_sp
disparo,badword_sp
estúpida,badword_sp
estúpido,badword_sp
feo,badword_sp
fea,badword_sp
follar,badword_sp
forro,badword_sp
gilipollas,badword_sp
ginebra,badword_sp
gonorrea,badword_sp
gorda,badword_sp
gordo,badword_sp
guarra,badword_sp
hijueputa,badword_sp
hostia,badword_sp
hostia,badword_sp
huevo,badword_sp
huevón,badword_sp
huevos,badword_sp
idiota,badword_sp
imbécil,badword_sp
infierno,badword_sp
jodan,badword_sp
jodas,badword_sp
jodás,badword_sp
jode,badword_sp
joder,badword_sp
joder ,badword_sp
jódete,badword_sp
joto,badword_sp
maldito,badword_sp
malparido,badword_sp
mamahuevo,badword_sp
mamón,badword_sp
marica,badword_sp
maricon,badword_sp
maricón,badword_sp
mariconazo,badword_sp
marijuana,badword_sp
mariquita,badword_sp
matado,badword_sp
matar,badword_sp
mate,badword_sp
maté,badword_sp
mato,badword_sp
metetelo,badword_sp
métetelo,badword_sp
mierda,badword_sp
mierda,badword_sp
monda,badword_sp
mongolo,badword_sp
mote,badword_sp
nabo,badword_sp
pajero,badword_sp
payaso,badword_sp
pelotas,badword_sp
pelotudo,badword_sp
pendeja,badword_sp
pendejo,badword_sp
percanta,badword_sp
perra,badword_sp
pichacorta,badword_sp
pija,badword_sp
pinche,badword_sp
piruja,badword_sp
polla,badword_sp
polla,badword_sp
pollas,badword_sp
puta,badword_sp
putas,badword_sp
putero,badword_sp
puto,badword_sp
putos,badword_sp
rabo,badword_sp
raja,badword_sp
ron,badword_sp
saco,badword_sp
soplapollas,badword_sp
tarado,badword_sp
tonta,badword_sp
tonto,badword_sp
tonto,badword_sp
tontopollas,badword_sp
trompada,badword_sp
verga,badword_sp
vino,badword_sp
virgen,badword_sp
vodka,badword_sp
whiskey,badword_sp
zorra,badword_sp
zunga,badword_sp
birth control,bad_phr_eng
like boys,bad_phr_eng
like girls,bad_phr_eng
like little boys,bad_phr_eng
like little girls,bad_phr_eng
like older men,bad_phr_eng
like older women,bad_phr_eng
like younger boys,bad_phr_eng
like younger girls,bad_phr_eng
marry me,bad_phr_eng
marry you,bad_phr_eng
smoke pot,bad_phr_eng
casarme contigo,bad_phr_sp
casarte conmigo,bad_phr_sp
gustan los mayores,bad_phr_sp
gustan los menores,bad_phr_sp
gustan las mayores,bad_phr_sp
gustan las menores,bad_phr_sp
